{"cameraMode":{"drawMode":0,"name":"Shaded","section":"Shading Mode"},"sceneLighting":true,"audioPlay":false,"sceneViewState":{"showFog":true,"showMaterialUpdate":false,"showSkybox":false,"showFlares":true,"showImageEffects":true,"showParticleSystems":true},"in2DMode":false,"pivot":{"x":4.980920314788818,"y":12.088093757629395,"z":4.386615753173828},"rotation":{"x":-0.035924170166254047,"y":0.06142141669988632,"z":0.0022121432702988388,"w":0.997463047504425},"size":18.909584045410158,"orthographic":false}